nu_t_over_M,FastEMRIWaveforms_Re_h2_minus2_over_nu_M,FastEMRIWaveforms_Im_h2_minus2_over_nu_M,minus_two_phi_phi,FastEMRIWaveforms_R_h20_over_nu_M
-1970590.6797286065,0.062163665517395564,0.0014087757786658732,-0.0,0.00919049669741969
-1970590.6209307816,0.04403293541289055,-0.043902239297702234,-11.759800239502432,0.009190496764909144
-1970590.268143832,0.04912699244696756,0.03811620350449467,-82.31860443830995,0.00919049716984588
-1970588.1514221346,-0.06185501220295169,0.0063455387609542046,-505.67152905575045,0.009190499599466292
-1970575.4510919508,0.002563376089779187,-0.062126884210996415,-3045.7926560585133,0.009190514177188762
-1970499.2491108482,-0.05333573963734893,0.031963932333887925,-18286.64827553213,0.00919060164352359
-1970117.2347840352,0.01762272747153724,0.05963389868237801,-94695.14656336412,0.009191040178536999
-1967825.1488231567,-0.061951419209097115,-0.005567414257206324,-553262.8075893982,0.009193673608758344
-1954072.6330578863,-0.05387488229212339,0.03130215157263448,-3308885.054925239,0.00920955461504021
-1871557.5384662636,-0.05229461702420631,0.035082168892549115,-19997992.776473347,0.009307852445957632
-1751319.0158774527,-0.04660146462884882,0.04387747397513077,-44819628.20301282,0.009461167470437643
-1636239.7262277764,-0.03626584533245141,0.05404379351602934,-69181805.64387994,0.009620675501983629
-1528013.5669871164,0.04058434137117218,-0.05228321341292981,-92686206.06171413,0.009783950201681157
-1426358.4563059174,-0.06126479220253586,-0.02788788778150451,-115338614.10389386,0.009950962417382905
-1330915.0108458963,-0.06209267940350246,0.028847205130401524,-137164181.0339985,0.010121812115641364
-1241337.2307842027,-0.016978924945960962,0.06754464990779754,-158188434.46478432,0.010296609920711656
-1157296.310999957,0.05008185572072639,0.05011903832235436,-178436305.96138668,0.010475470745851477
-1078480.6334894719,-0.030781800668148826,0.06518507422145305,-197931956.7705023,0.010658512301225305
-1004593.9001225609,-0.07176812535129785,0.015157086319512167,-216699059.3721388,0.01084585759104295
-935355.0302966684,-0.011910276785349068,0.0736883015492747,-234760664.95401743,0.011037633931222745
-870497.6147189619,0.0680980639431111,-0.03367327696057373,-252139174.20780388,0.011233972588810865
-809768.9129808526,0.03398123148158209,-0.06945723817333382,-268856436.2903544,0.011435009883791
-752929.3473310372,0.0008420744926851847,0.07870772226099777,-284933727.8658868,0.011640887062964487
-699752.5381974748,0.06278269874259407,-0.049797004525227825,-300391574.14497304,0.011851747825887098
-650022.3336195394,-0.06768397058591409,0.04556041404978158,-315250456.10223395,0.012067748103995612
-603535.6794971856,-0.08277675148537389,-0.007105298485677989,-329529824.77063286,0.012289042730192445
-560099.8420812826,-0.08392464678080402,-0.010741493343835366,-343248757.8059292,0.012515794290588895
-519532.379355492,0.06348979682485292,0.058268336928616785,-356425832.6554785,0.012748171614667668
-481660.7720745849,-0.03470106555520704,-0.08062974229091097,-369079097.0021006,0.012986349337453977
-446321.81766257295,-0.010312728809099754,-0.0888282897294281,-381226121.8359025,0.013230508889577271
-413358.81573814864,0.03200670646612625,-0.0853045720521748,-392884861.6735999,0.01348085776012737
-382630.79712286755,-0.012273342048696855,0.09202580988188486,-404070222.4877433,0.013737554704853841
-353997.80841122195,0.09082441477527833,-0.026508880447331455,-414799123.8362598,0.014000818110737669
-327329.69141867914,0.02894707397935648,0.09198555400099204,-425087294.68863946,0.014270858876393523
-302503.53507476073,0.0666794160939222,0.07222513583544818,-434950041.6397027,0.014547896753456396
-279403.5577673014,-0.056713255507605004,0.08262114858115542,-444402159.08583987,0.014832157839513034
-257918.792108308,-0.0985707904463131,0.026908933109898347,-453458768.2221076,0.015123901815262337
-237949.67881280152,-0.049095261212994325,-0.09190253139383081,-462132386.4418598,0.01542332614624019
-219397.48275335025,-0.09726524997002403,-0.04279633415341305,-470437261.35315245,0.015730705398759037
-202170.58960491652,-0.10083339494827165,-0.03976029153933601,-478386627.9832953,0.01604630532842302
-186182.88391533826,-0.05639878854044598,-0.09510685029839912,-485993260.12011534,0.016370399361115458
-171353.48472597532,0.11006583074652407,-0.024746611140019536,-493269460.76655763,0.01670326707681878
-157605.59007860243,-0.08878091023589355,-0.0732783758746346,-500227514.49281573,0.017045215608351885
-144867.67782430173,-0.11627687738189087,-0.01678760764267602,-506878981.87573797,0.017396547370524727
-133072.23918236842,-0.11048720636779233,-0.046604551823376326,-513235209.46664745,0.017757583344643467
-122155.90468503893,-0.0984089976982925,-0.07280637468977783,-519307160.60349923,0.018128655043814394
-112060.04716423957,-0.12094875384109754,0.03149860572916694,-525104937.53671575,0.018510070963702958
-102726.80261849308,-0.027822529175010907,0.12455579740059093,-530639976.5885599,0.018902264139780526
-94104.62931302251,-0.09220463504646725,-0.09212822338009308,-535921749.9560882,0.019305575631149274
-86144.29030938738,-0.0736639377457151,-0.1109032577822423,-540959953.7086333,0.01972039572567318
-78799.38805132438,0.08014023089537765,-0.10989859998506762,-545764134.9580485,0.020147144955151536
-72027.19522693902,-0.04211804802365651,-0.13243975114130654,-550343036.7270676,0.020586214411535374
-65786.7290759794,-0.13063641908919021,0.055719219070765956,-554705771.060649,0.02103807275786134
-60040.45014240186,-0.01997084580436721,-0.143779894474854,-558860579.4448007,0.021503148063585255
-54752.40189538151,-0.06699641374594731,-0.13240631218693086,-562816039.0423067,0.021981953939479708
-49889.88586126168,0.07520143996476147,-0.13177031063702724,-566579749.7079936,0.02247493972803729
-45422.458709711296,0.1001152642911445,-0.11852213365640289,-570158922.4169363,0.022982539952031256
-41319.41145266556,-0.12656071439177768,0.09571678717169187,-573562389.0293616,0.023505484077010308
-37553.76827433129,0.12022514556480464,0.10906162877205268,-576797348.0573634,0.02404435210911347
-34101.70675344078,0.1527789911087006,0.065115996351307,-579869530.0270253,0.024599519433260508
-30939.004709473655,0.0895799462575176,0.14442278429844443,-582786216.6732097,0.025171675296563056
-28044.142231504582,0.16913293208211014,0.040615875612616974,-585553468.9305182,0.025761346124079192
-25395.640585587753,0.16448356066646008,-0.06819867236085517,-588178532.8554603,0.02636938851029289
-22974.898602997662,-0.03942470095786569,0.17799969755303707,-590667047.1245905,0.0269963954121278
-20764.58505819351,-0.12592088915774455,0.13784577273249907,-593024429.6567225,0.027642948755759632
-18747.4629117314,0.13134995528939503,0.1389868651457353,-595257120.3567307,0.02830999607071565
-16908.55203715213,-0.03942151596385473,-0.1919061451647321,-597370203.2514875,0.02899820207022807
-15233.119198423043,-0.12277288078352107,0.15883066520087663,-599369535.665455,0.02970857973557581
-13708.937459355933,-0.20424546368946853,-0.02479839259516712,-601259003.6155728,0.030441530069300806
-12323.317910847563,0.06558563368702379,-0.20045213030099424,-603043982.926554,0.031198059678876938
-11064.87754907416,0.05890660140642447,0.20806894815101895,-604729192.3212593,0.03197904140416267
-9923.047711094856,-0.03671723860160964,-0.2187061058604838,-606319212.1601259,0.03278539607122825
-8887.74639435149,-0.18005648112667294,0.1390185486258105,-607818899.6138182,0.03361834004458619
-7950.793362087679,-0.1412141709815369,0.1858151401252533,-609231227.4573898,0.03447812943651311
-7103.624165057375,-0.23591996170043444,0.04123225525960105,-610560511.4520322,0.035365809926802765
-6338.167038042329,-0.20460547391234726,0.13625311204153276,-611811204.2023574,0.036282721668745424
-5647.349940500115,0.05918369589037425,0.2453338443274505,-612987000.5781615,0.03722986294640464
-5024.68907431773,-0.019077021749942084,0.2584513885217436,-614091377.5168778,0.03820817022859655
-4464.110441472568,-0.013990303270161274,-0.26581290874171165,-615127848.493614,0.0392187595808943
-4011.1481614638424,-0.25540886718881306,0.09548544924308845,-615999311.8499817,0.04014991540165517
-3558.185881455117,0.08691276880065542,-0.2662782169753113,-616906103.3937079,0.04121208733748521
-3189.5388269623686,-0.2704404704169789,0.09616934064595323,-617674314.8137538,0.04219905151624051
-2820.8917724693147,0.22750935211066542,-0.18775182614833144,-618474141.9598242,0.04332715813183596
-2522.6226796879428,0.0611442059674241,-0.29611394838128163,-619148151.1330901,0.04437126468488675
-2224.353586906266,-0.310692121124591,0.009959887660859909,-619850270.1476309,0.04556686498950869
-1983.7584906065435,0.12971203290336414,-0.2911513953256088,-620440476.894243,0.04667219986936394
-1743.1633943071263,0.276107851376797,0.1767450371933646,-621055659.0009981,0.04794049074059114
-1550.324554277039,0.30103320075478357,-0.1498088129773386,-621569785.8865758,0.049107864437688185
-1377.1194424166772,-0.2888910930066716,-0.18844283784367097,-622050240.1113329,0.05030365612119488
-1221.4122796269562,-0.17287700980871476,0.3087624788529861,-622499706.129526,0.05153043500536322
-1081.9861990011343,0.31714755230013325,-0.17674582068641065,-622918597.2166606,0.05278480678894017
-957.0296127675472,0.16623832378367132,0.3334211201097393,-623309387.8221769,0.05406918007600837
-845.2082006358049,-0.006925846585641311,-0.3822859568026625,-623673476.8593296,0.05538309886948356
-745.3791988273865,0.35667466072469917,0.16363175003626337,-624011922.6502072,0.05672467840556727
-656.4811714617406,0.40267566879849775,-0.008547193075865047,-624325754.7337902,0.058091399563203104
-577.3446119516989,-0.34228520836296716,0.23182907104597333,-624616668.7761399,0.05948348367832761
-507.0153435498982,-0.28021704395226205,0.318649560243609,-624885890.4411042,0.06089921489043368
-444.6099523390118,0.04296651005031,-0.433426477818889,-625134644.2615409,0.06233677618272102
-389.32621370138077,0.4084847852783421,-0.1816511767388788,-625364094.671139,0.06379394490556625
-340.4313053291081,-0.4518899308972708,-0.07954319419107708,-625575370.5063282,0.0652682013508459
-297.25692139526194,-0.3254196458172867,-0.34035947452830695,-625769565.543169,0.06675673420280946
-259.1925909190153,-0.3345241970392069,0.34870624460013044,-625947748.7762638,0.06825654142839833
-225.69292812295762,0.34362927870201426,0.35740481071093155,-626110908.996895,0.06976395803766001
-196.25398703564366,0.4052577134226139,0.30735558126167817,-626260046.5221648,0.07127545862485048
-170.42294435518633,-0.14666606627785686,0.5006420469299439,-626396110.1019409,0.07278717554140482
-147.7918460229952,0.14035722806547085,0.5162142990626585,-626520007.6776491,0.07429501100109329
-127.99435638516809,-0.5247906244846459,0.1592661474033911,-626632603.8951496,0.07579463344155835
-110.70016500540527,-0.08415868076233556,-0.5557396897759377,-626734732.499547,0.07728168729067447
-95.61289702601626,0.5637903899933471,-0.11741036831505376,-626827191.0824798,0.07875181285825217
-82.46908541564781,-0.5170415194156656,0.2838537482522919,-626910728.871461,0.08020051067683909
-71.034669987363,0.4729837536379279,0.3754701984738278,-626986049.7239907,0.08162319590280376
-61.100961384086055,-0.03595994590921972,0.6170004304681738,-627053821.1145229,0.08301539635717514
-52.480664124450406,0.10714640252994481,0.6231178504492624,-627114686.098016,0.08437310341538273
-45.01167471836433,0.026865567224502774,-0.6459536769382082,-627169221.2128398,0.08569189528811184
-38.54986574016322,-0.5335258209648097,-0.38981948714857895,-627217971.4625546,0.08696765367341652
-32.96507562347472,-0.5770555690976453,0.35017467138706965,-627261468.774478,0.08819718233444862
-28.146126316602416,-0.20601427366875405,-0.6576514425671556,-627300181.2884696,0.08937687574563752
-23.994808656725237,0.4602843522411395,0.5316839611043525,-627334546.7574073,0.09050354039384437
-20.422103251449403,0.7047614303713277,0.13299626966110667,-627364994.3997471,0.09157521635210782
-17.352919936020776,-0.7309805979401666,0.00560115221045823,-627391895.6607438,0.09258953474363855
-14.720570897778934,-0.3795521117720842,0.6406146330635071,-627415601.0881394,0.09354488172509909
-12.46614645219153,-0.02875590497321712,-0.7574533395694066,-627436438.6970918,0.09444038639600176
-10.538068958941526,0.5436168792727256,-0.546926630883939,-627454711.0181762,0.09527579402079828
-8.892212889716266,-0.7836640476805063,-0.022392886520335015,-627470686.8319197,0.09605099256578198
-7.489099253215733,-0.42081004127798766,0.6762905791700294,-627484621.8924652,0.09676689305055251
-6.295689051714885,-0.5268240308383502,0.6135821309235959,-627496736.0250727,0.09742419871482708
-5.282262635774234,0.8205222614795753,0.006345171094790603,-627507239.237023,0.0980246194341506
-4.42310514585321,-0.7435240285611117,0.37332611164263896,-627516321.1071342,0.09857024851426707
-3.696025022306221,-0.03570057554143022,-0.8422608639659327,-627524151.9487555,0.09906348571261969
-3.0818477789349674,-0.34622165750890166,0.7802595951722747,-627530884.8409036,0.09950701271523847
-2.5640080610130433,0.8610685736065212,0.06856849108094415,-627536657.1784798,0.09990374768365412
-2.1282147670348066,-0.697247238870508,0.5261927354247825,-627541591.8939437,0.10025678301202928
-1.762192632252874,0.5354312049928636,-0.7018725171466884,-627545798.2133362,0.10056929276840178
-1.4555737439093497,-0.8836337342757731,0.1188553988666395,-627549370.9891486,0.10084432888777432
-1.1991841057975752,0.5316213895965333,0.7261264501558661,-627552397.4150473,0.1010851961702817
-0.985190056537362,0.8410407515551515,0.34173567747659117,-627554954.1182998,0.10129512225530617
-0.8069560016073778,0.357537130976515,-0.8425231984341621,-627557107.6952279,0.10147717334108389
-0.6589273203501027,-0.9118757696590103,0.13778192667484818,-627558915.1303385,0.10163416673328245
-0.5361882773405023,-0.4036645506234289,0.8364584256626081,-627560428.4066662,0.10176896868029127
-0.43469770462304325,-0.12624586876553456,0.9263145908167633,-627561691.0126665,0.10188410604917345
-0.3509471073044975,-0.9338118443156737,0.11258698023783288,-627562741.6199211,0.10198201155241064
-0.2820230197897222,0.564859861754773,0.7586845375920959,-627563612.891863,0.10206484856539087
-0.2254307159725125,0.36020156508672657,-0.8799070190947857,-627564333.3451232,0.10213462416676024
-0.17908888982294702,-0.3941606210449773,0.8702150437801809,-627564927.1429036,0.10219311992498281
-0.14123823082428705,0.9399967221957407,-0.19252285888680512,-627565415.0332742,0.10224193948466549
-0.11040604656773507,-0.884046984658481,-0.3827975069741247,-627565814.6262342,0.10228250060263354
-0.08536021875144442,-0.9622746663867341,0.09451738477512749,-627566140.8453786,0.10231605058555387
-0.06507156019558971,-0.10016093184350638,-0.9649637677284426,-627566406.3044934,0.10234368030811788
-0.048683836193896025,0.9731052984720183,0.0034513681436575505,-627566621.6106207,0.10236633563826893
-0.03548635234215843,-0.29877782396814706,-0.9289473900385866,-627566795.6543425,0.1023848316877372
-0.024890405814882943,0.973410286975936,0.09740024096064843,-627566935.8661832,0.10239986707645303
-0.01640974962319078,0.891068738143044,-0.4091218811123758,-627567048.4334204,0.10241203688966953
-0.00964387664054577,-0.08888191203062794,0.9784937728465686,-627567138.4898776,0.10242184510322222
-0.004263847217746448,-0.3613127683373129,-0.915638491175721,-627567210.2801292,0.1024297161688665
0.0,0.09861379035676089,-0.9810501778410609,-627567267.3048722,0.10243600587743107
