t_minus_t0_M,SuperRad_delta_h20_real_over_M_over_R,quadrupolar_model_delta_h20_over_M_over_R,SuperRad_delta_h30_imag_over_M_over_R,quadrupolar_model_delta_h30_imag_over_M_over_R
0.0,0.0,nan,0.0,nan
2326494.406108126,3.453724616343113e-154,nan,3.2729547108975937e-160,nan
4652988.812216237,1.7517064382917147e-149,nan,1.660021154186507e-155,nan
6979483.218324363,8.884364951274124e-145,nan,8.419352374485228e-151,nan
9305977.624432474,4.506002765722139e-140,nan,4.2701560880363485e-146,nan
11632472.0305406,2.285369977038579e-135,nan,2.1657524480686237e-141,nan
13958966.436648726,1.1591018034167898e-130,nan,1.0984337737575403e-136,nan
16285460.842756838,5.8787723833883716e-126,nan,5.571074184434664e-132,nan
18611955.248864956,2.981615992125674e-121,nan,2.8255565615307604e-127,nan
20938449.654973075,1.5122262514568648e-116,nan,1.4330754928225208e-122,nan
23264944.0610812,7.669761101479107e-112,nan,7.268321562163185e-118,nan
25591438.467189312,3.889975808652186e-107,nan,3.68637232271387e-113,nan
27917932.873297438,1.9729313066844806e-102,nan,1.869666990576299e-108,nan
30244427.279405557,1.0006380842364367e-97,nan,9.482641333085058e-104,nan
32570921.685513675,5.075070643523924e-93,nan,4.809438638279456e-99,nan
34897416.0916218,2.5739917800963135e-88,nan,2.4392676262754643e-94,nan
37223910.49772991,1.305486001945092e-83,nan,1.2371561423484095e-89,nan
39550404.90383803,6.621208795044695e-79,nan,6.27465106355492e-85,nan
41876899.30994615,3.3581674443278316e-74,nan,3.1823991023990794e-80,nan
44203393.716054276,1.703206911792817e-69,nan,1.614060119737202e-75,nan
46529888.12216239,8.638383381622241e-65,nan,8.186245616277279e-71,nan
48856382.52827051,4.3812449873952443e-60,nan,4.1519282008488e-66,nan
51182876.934378624,2.2220948980352508e-55,nan,2.1057892217070228e-61,nan
53509371.34048675,1.1270097312704827e-50,nan,1.0680214184221826e-56,nan
55835865.746594876,5.716006708360726e-46,nan,5.416827754887387e-52,nan
58162360.15270299,2.899063937379793e-41,nan,2.7473253270018753e-47,nan
60488854.55881111,1.470357216467771e-36,nan,1.3933979062886292e-42,nan
62815348.964919224,7.457408290114303e-32,nan,7.067083414428586e-38,nan
65141843.37102735,3.78227397958891e-27,nan,3.5843076669693584e-33,nan
67468337.77713546,1.9183067226760934e-22,nan,1.8179014875162585e-28,nan
69794832.18324359,9.729334000087969e-18,nan,9.220095275337295e-24,nan
72121326.5893517,4.933901638850234e-13,nan,4.675657964548069e-19,nan
74447820.99545982,2.4239596351147998e-08,nan,2.2970420823702568e-14,nan
74481505.58588967,2.5000024081720716e-08,nan,2.6802093740474126e-14,nan
74515190.17631951,2.588720019431259e-08,nan,3.12664309988295e-14,nan
74548874.76674935,2.6922027336126777e-08,nan,3.646621264077437e-14,nan
74582559.3571792,2.812879728983478e-08,nan,4.252047636177159e-14,nan
74616243.94760904,2.9535725521416938e-08,nan,4.956698659869361e-14,nan
74649928.53803888,3.117556627149515e-08,nan,5.776503634938169e-14,nan
74683613.12846872,3.308631916755613e-08,nan,6.729863453236796e-14,nan
74717297.71889856,3.531204000696819e-08,nan,7.838013549730331e-14,nan
74750982.3093284,3.7903769349473236e-08,nan,9.125431872909652e-14,nan
74784666.89975825,4.092059420584907e-08,nan,1.0620301849087076e-13,nan
74818351.4901881,4.4430859731700075e-08,nan,1.2355030974723417e-13,nan
74852036.08061795,4.851354882730921e-08,nan,1.4366831154781762e-13,nan
74885720.67104779,5.3259850073815256e-08,nan,1.6698370677195307e-13,nan
74919405.26147763,5.877493487114951e-08,nan,1.9398490247435273e-13,nan
74953089.85190748,6.517996563057579e-08,nan,2.2522997347705508e-13,nan
74986774.44233732,7.261435557473304e-08,nan,2.6135519747241233e-13,nan
75020459.03276716,8.123830860409047e-08,nan,3.0308486518192613e-13,nan
75054143.623197,9.123566613070325e-08,nan,3.5124155120663256e-13,nan
75087828.21362685,1.0281708106552854e-07,nan,4.067572138625383e-13,nan
75121512.80405669,1.1622354168519714e-07,nan,4.706849550357135e-13,nan
75155197.39448653,1.3173026458755074e-07,nan,5.442114082554658e-13,nan
75188881.98491637,1.4965096509966065e-07,nan,6.286689889773867e-13,nan
75222566.57534622,1.7034252230007663e-07,nan,7.255495980938042e-13,nan
75256251.16577606,1.942100595036057e-07,nan,8.365181440428676e-13,nan
75289935.7562059,2.2171242945319396e-07,nan,9.63425206908297e-13,nan
75323620.34663574,2.5336807542961157e-07,nan,1.108318989323115e-12,nan
75357304.93706559,2.897612406889328e-07,nan,1.2734562465777817e-12,nan
75390989.52749543,3.315484852347574e-07,nan,1.4613113472178698e-12,nan
75424674.11792527,3.7946541826228306e-07,nan,1.6745812405697099e-12,nan
75458358.70835511,4.3433357791892233e-07,nan,1.9161903512190784e-12,nan
75492043.29878496,4.970673929262896e-07,nan,2.1892908104338465e-12,nan
75525727.8892148,5.686810403056558e-07,nan,2.4972546196933192e-12,nan
75559412.47964464,6.502949131701571e-07,nan,2.8436562394649828e-12,nan
75593097.07007448,7.431416175931222e-07,nan,3.232260303412841e-12,nan
75626781.66050433,8.485713562735996e-07,nan,3.6669941350522254e-12,nan
75660466.25093418,9.68056397149754e-07,nan,4.151912922248533e-12,nan
75694150.84136403,1.1031942694639762e-06,nan,4.691149690847953e-12,nan
75727835.43179387,1.255709152925876e-06,nan,5.288851042539742e-12,nan
75761520.02222371,1.4274516488478997e-06,nan,5.949136768522113e-12,nan
75795204.61265355,1.6203966030709011e-06,nan,6.676009545585287e-12,nan
75828889.2030834,1.8366383753115477e-06,nan,7.473273408740711e-12,nan
75862573.79351324,2.078383214959431e-06,nan,8.344436261997748e-12,nan
75896258.38394308,2.3479391678396675e-06,nan,9.29263932357093e-12,nan
75929942.97437292,2.6477028428603746e-06,nan,1.0320522518460577e-11,nan
75963627.56480277,2.9801431841217458e-06,nan,1.143017210013401e-11,nan
75997312.15523261,3.3477828656005903e-06,nan,1.2622997508638458e-11,nan
76030996.74566245,3.7531757900386115e-06,nan,1.3899617399968571e-11,nan
76064681.3360923,4.198882654045333e-06,nan,1.525985482192619e-11,nan
76098365.92652214,4.687445302146282e-06,nan,1.6702630899561444e-11,nan
76132050.51695198,5.221357853295645e-06,nan,1.822588800331697e-11,nan
76165735.10738182,5.8030376986446526e-06,nan,1.9826665979905494e-11,nan
76199419.69781166,6.434797029412613e-06,nan,2.1501017819776764e-11,nan
76233104.2882415,7.118812830525881e-06,nan,2.3244039348467398e-11,nan
76266788.87867135,7.857099648976058e-06,nan,2.5050014190464147e-11,nan
76300473.46910119,8.6514841608073e-06,nan,2.6912348203107733e-11,nan
76334158.05953103,9.503581048061029e-06,nan,2.8823769051637388e-11,nan
76367842.64996088,1.0414773672796144e-05,nan,3.077642287160406e-11,nan
76401527.24039072,1.1386197894973614e-05,nan,3.276198029564946e-11,nan
76435211.83082056,1.2418730385250309e-05,nan,3.4771805276058697e-11,nan
76468896.4212504,1.3512979715242435e-05,nan,3.6797000437016796e-11,nan
76502581.01168025,1.4669282997733693e-05,nan,3.8828744033212816e-11,nan
76536265.60211009,1.588770903272465e-05,nan,4.0858291215534204e-11,nan
76569950.19253995,1.716806154843715e-05,nan,4.287705600503533e-11,nan
76603634.78296979,1.850988840389416e-05,nan,4.48769349923351e-11,nan
76637319.37339963,1.9912496702591497e-05,nan,4.685027842606449e-11,nan
76671003.96382947,2.1374966466587087e-05,nan,4.878988343345801e-11,nan
76704688.55425932,2.2896168210539074e-05,nan,5.0689291880069396e-11,nan
76738373.14468916,2.4474785120660135e-05,nan,5.254273405840658e-11,nan
76772057.735119,2.6109334399621265e-05,nan,5.434510552642713e-11,nan
76805742.32554884,2.7798187260090457e-05,nan,5.6091982700863804e-11,nan
76839426.91597869,2.9539591922359404e-05,nan,5.7779785701120606e-11,nan
76873111.50640853,3.13316973741053e-05,nan,5.940561399811562e-11,nan
76906796.09683837,3.3172574508097433e-05,nan,6.096725817016813e-11,nan
76940480.68726821,3.506023531519721e-05,nan,6.246308061869685e-11,nan
76974165.27769805,3.6992651992074277e-05,nan,6.389214357435519e-11,nan
77007849.8681279,3.8967776287362444e-05,nan,6.525405824912229e-11,nan
77041534.45855774,4.0983555596350127e-05,nan,6.654893326656741e-11,nan
77075219.04898758,4.303794731392813e-05,nan,6.777732480196893e-11,nan
77108903.63941742,4.512893186125357e-05,nan,6.894017283745407e-11,nan
77142588.22984727,4.725452302903653e-05,nan,7.003872592665153e-11,nan
77176272.82027711,4.941277775936462e-05,nan,7.107457644130039e-11,nan
77209957.41070695,5.160180512830678e-05,nan,7.204953826324459e-11,nan
77243642.0011368,5.381977250992675e-05,nan,7.296561171101416e-11,nan
77277326.59156664,5.606491078199061e-05,nan,7.38249503268612e-11,nan
77311011.18199648,5.833551839937342e-05,nan,7.46298201285993e-11,nan
77344695.77242632,6.06299640752104e-05,nan,7.538254940074067e-11,nan
77378380.36285616,6.294668850515933e-05,nan,7.608551607741338e-11,nan
77412064.953286,6.528420527393383e-05,nan,7.674110409402381e-11,nan
77445749.54371586,6.76411008725473e-05,nan,7.735169674665902e-11,nan
77479434.1341457,7.001603441601344e-05,nan,7.791966186992154e-11,nan
77513118.72457555,7.240773683335345e-05,nan,7.844732610875434e-11,nan
77546803.31500539,7.481500942205997e-05,nan,7.893696230495098e-11,nan
77580487.90543523,7.723672201457057e-05,nan,7.939077620437502e-11,nan
77614172.49586508,7.967181080451908e-05,nan,7.981089923358936e-11,nan
77647857.08629492,8.211927599286463e-05,nan,8.01993832049579e-11,nan
77681541.67672476,8.457817927952276e-05,nan,8.055819549000739e-11,nan
77715226.2671546,8.704764123511908e-05,nan,8.088921603348344e-11,nan
77748910.85758445,8.95268386080104e-05,nan,8.11942361278761e-11,nan
77782595.44801429,9.201500159637804e-05,nan,8.147495737304372e-11,nan
77816280.03844413,9.451141111817667e-05,nan,8.1732992590952e-11,nan
77849964.62887397,9.701539611007447e-05,nan,8.196986681806971e-11,nan
77883649.21930382,9.95263308675294e-05,nan,8.218701901209838e-11,nan
77917333.80973366,0.00010204363245181417,nan,8.238580472958264e-11,nan
77951018.4001635,0.00010456675817226512,nan,8.256749837203612e-11,nan
77984702.99059334,0.00010709520315367942,nan,8.273329651090292e-11,nan
78018387.58102319,0.00010962849800156394,nan,8.288432096271993e-11,nan
78052072.17145303,0.0001121662065628791,nan,8.302162195914924e-11,nan
78085756.76188287,0.00011470792379189291,nan,8.314618184963328e-11,nan
78119441.35231271,0.00011725327371986758,nan,8.325891818726287e-11,nan
78153125.94274256,0.0001198019075275049,nan,8.336068736062456e-11,nan
78186810.5331724,0.00012235350172394628,nan,8.345228792506366e-11,nan
78220495.12360224,0.0001249077564247459,nan,8.353446354273028e-11,nan
78254179.71403208,0.0001274643937196579,nan,8.360790633285526e-11,nan
78287864.30446193,0.00013002315614983896,nan,8.367326065196038e-11,nan
78321548.89489178,0.0001325838052875872,nan,8.373112559721156e-11,nan
78355233.48532163,0.00013514612039466082,nan,8.378205785726271e-11,nan
78388918.07575147,0.00013770989716401768,nan,8.382657431311464e-11,nan
78422602.66618131,0.00014027494654388995,nan,8.386515481779442e-11,nan
78456287.25661115,0.00014284109363976337,nan,8.389824450764857e-11,nan
78489971.847041,0.00014540817668844713,nan,8.392625620190932e-11,nan
78523656.43747084,0.00014797604610305914,nan,8.394957263715108e-11,nan
78557341.02790068,0.0001505445635822723,nan,8.396854843197575e-11,nan
78591025.61833052,0.00015311360128146315,nan,8.3983512167218e-11,nan
78624710.20876037,0.0001556830410422594,nan,8.399476812171898e-11,nan
78658394.79919021,0.000158252773675366,nan,8.400259801785796e-11,nan
78692079.38962005,0.00016082269829529748,nan,8.400726266768518e-11,nan
78725763.9800499,0.00016339272170200653,nan,8.400900339098455e-11,nan
78759448.57047974,0.00016596275780704294,0.00016596275780704294,8.40080435068505e-11,8.40080435068505e-11
78793133.16090958,0.00016853272710171487,0.00016854008369504136,8.400458958654232e-11,8.39743868445803e-11
78826817.75133942,0.00017110255616320942,0.00017111637711202308,8.399883268084195e-11,8.394075040446061e-11
78860502.34176926,0.00017367217719746114,0.00017369163867827247,8.39909494937557e-11,8.390713417029444e-11
78894186.9321991,0.00017624152761522342,0.0001762658690135769,8.398110337826144e-11,8.387353812590094e-11
78927871.52262895,0.0001788105496393191,0.0001788390687372267,8.396944537772424e-11,8.38399622551155e-11
78961556.11305879,0.00018137918994134592,0.00018141123846801945,8.395611510900228e-11,8.380640654178965e-11
78995240.70348863,0.00018394739930483126,0.00018398237882425274,8.394124160746942e-11,8.377287096979114e-11
79028925.29391848,0.00018651513231326925,0.00018655249042373153,8.392494415683431e-11,8.37393555230038e-11
79062609.88434832,0.0001890823470653101,0.00018912157388376938,8.390733315610844e-11,8.370586018532753e-11
79096294.47477816,0.0001916490049090511,0.00019168962982118141,8.38885104533922e-11,8.367238494067845e-11
79129979.065208,0.00019421507019154157,0.0001942566588522928,8.38685701101155e-11,8.363892977298865e-11
79163663.65563785,0.00019678051002949758,0.0001968226615929346,8.384759902070674e-11,8.360549466620633e-11
79197348.2460677,0.00019934529409854895,0.0001993876386584436,8.38256774769807e-11,8.357207960429574e-11
79231032.83649755,0.00020190939443831841,0.0002019515906636682,8.380287963818557e-11,8.353868457123711e-11
79264717.42692739,0.00020447278527211117,0.00020451451822296399,8.377927401550616e-11,8.350530955102669e-11
79298402.01735723,0.00020703544284048046,0.00020707642195019665,8.375492389417415e-11,8.347195452767669e-11
79332086.60778707,0.0002095973452471731,0.0002096373024587377,8.372988772023496e-11,8.343861948521533e-11
79365771.19821692,0.00021215847231689764,0.0002121971603614745,8.3704219486194e-11,8.340530440768673e-11
79399455.78864676,0.0002147188054638884,0.0002147559962708016,8.367796905072642e-11,8.337200927915095e-11
79433140.3790766,0.00021727832757035542,0.0002173138107986251,8.365118246487777e-11,8.333873408368394e-11
79466824.96950644,0.00021983702287434832,0.0002198706045563612,8.362390226093133e-11,8.330547880537759e-11
79500509.55993629,0.0002223948768660127,0.00022242637815494195,8.35961677118509e-11,8.327224342833958e-11
79534194.15036613,0.00022495187619182318,0.00022498113220480938,8.356801509300404e-11,8.323902793669346e-11
79567878.74079597,0.00022750800856613992,0.00022753486731592003,8.353947789891243e-11,8.320583231457866e-11
79601563.33122581,0.0002300632626894261,0.00023008758409774047,8.351058706172692e-11,8.317265654615037e-11
79635247.92165565,0.00023261762817282453,0.00023263928315925741,8.34813711481648e-11,8.313950061557955e-11
79668932.5120855,0.00023517109546840301,0.00023518996510896623,8.345185653301582e-11,8.3106364507053e-11
79702617.10251534,0.00023772365580476378,0.00023773963055487808,8.342206757602805e-11,8.307324820477326e-11
79736301.69294518,0.00024027530112760427,0.00024028828010452422,8.339202676855785e-11,8.304015169295853e-11
79769986.28337502,0.00024282602404475517,0.000242835914364946,8.336175487945296e-11,8.300707495584283e-11
79803670.87380487,0.00024537581777550035,0.0002453825339427078,8.333127108887086e-11,8.297401797767577e-11
79837355.46423471,0.0002479246761037195,0.0002479281394438826,8.330059310426785e-11,8.294098074272275e-11
79871040.05466455,0.00025047259333462846,0.0002504727314740692,8.326973727946345e-11,8.290796323526473e-11
79904724.6450944,0.0002530195642548613,0.00025301631063837934,8.323871871385711e-11,8.287496543959836e-11
79938409.23552424,0.00025556558409555716,0.0002555588775414434,8.320755134958158e-11,8.284198734003592e-11
79972093.82595408,0.00025811064849832365,0.0002581004327874106,8.317624806228308e-11,8.280902892090529e-11
80005778.41638392,0.000260654753483777,0.0002606409769799529,8.314482073863634e-11,8.277609016654987e-11
80039463.00681376,0.0002631978954224908,0.0002631805107222568,8.311328035627494e-11,8.274317106132875e-11
80073147.5972436,0.0002657400710081965,0.00026571903461703453,8.308163705093164e-11,8.271027158961645e-11
80106832.18767345,0.00026828127723300054,0.0002682565492665141,8.304990018103726e-11,8.267739173580307e-11
80140516.7781033,0.00027082151136453066,0.000270793055272448,8.301807838921054e-11,8.264453148429423e-11
80174201.36853315,0.00027336077092481715,0.0002733285532361087,8.298617965410526e-11,8.261169081951103e-11
80207885.95896299,0.00027589905367078756,0.00027586304375829175,8.295421134394479e-11,8.257886972589003e-11
80241570.54939283,0.0002784363575762758,0.0002783965274393156,8.292218026196814e-11,8.254606818788326e-11
80275255.13982268,0.0002809726808153841,0.00028092900487902163,8.289009268937744e-11,8.25132861899582e-11
80308939.73025252,0.00028350802174713916,0.00028346047667677425,8.285795442688689e-11,8.248052371659771e-11
80342624.32068236,0.0002860423789013153,0.00028599094343146204,8.282577082949094e-11,8.244778075230008e-11
80376308.9111122,0.00028857575096533756,0.0002885204057414983,8.27935468422276e-11,8.241505728157898e-11
80409993.50154205,0.00029110813677220385,0.0002910488642048219,8.276128703096466e-11,8.238235328896344e-11
80443678.09197189,0.00029363953528931434,0.000293576319418896,8.272899561093597e-11,8.234966875899783e-11
80477362.68240173,0.0002961699456081679,0.00029610277198071136,8.26966764748142e-11,8.231700367624184e-11
80511047.27283157,0.0002986993669348446,0.0002986282224867842,8.266433321602099e-11,8.228435802527049e-11
80544731.86326142,0.00030122779858121054,0.0003011526715331567,8.263196915260958e-11,8.225173179067407e-11
80578416.45369126,0.0003037552399568081,0.0003036761197154013,8.259958734812532e-11,8.221912495705814e-11
80612101.0441211,0.0003062816905613549,0.0003061985676286144,8.256719063056292e-11,8.218653750904355e-11
80645785.63455094,0.000308807149977823,0.0003087200158674257,8.25347816113216e-11,8.215396943126632e-11
80679470.22498079,0.0003113316178660488,0.0003112404650259864,8.25023627008557e-11,8.212142070837778e-11
80713154.81541063,0.00031385509395682527,0.0003137599156979847,8.246993612460862e-11,8.208889132504438e-11
80746839.40584047,0.0003163775780464545,0.00031627836847663486,8.243750393714126e-11,8.205638126594777e-11
80780523.99627031,0.0003188990699917105,0.00031879582395467974,8.240506803475532e-11,8.202389051578479e-11
80814208.58670016,0.00032141956970518936,0.00032131228272439655,8.237263016825105e-11,8.199141905926738e-11
80847893.17713,0.00032393907715101683,0.0003238277453775897,8.234019195347767e-11,8.195896688112268e-11
80881577.76755984,0.0003264575923408798,0.00032634221250559946,8.230775488194031e-11,8.192653396609286e-11
80915262.35798968,0.0003289751153303663,0.0003288556846992933,8.227532033037314e-11,8.189412029893524e-11
80948946.94841953,0.0003314916462155809,0.00033136816254907605,8.224288956916059e-11,8.186172586442217e-11
80982631.53884938,0.0003340071851300206,0.00033387964664488253,8.221046377090623e-11,8.182935064734108e-11
81016316.12927923,0.00033652173224169073,0.0003363901375761819,8.217804401756199e-11,8.179699463249443e-11
81050000.71970907,0.0003390352877504375,0.00033889963593197487,8.214563130747788e-11,8.176465780469973e-11
81083685.31013891,0.00034154785188548857,0.0003414081423008009,8.211322656190461e-11,8.173234014878945e-11
81117369.90056875,0.00034405942490317896,0.0003439156572707309,8.208083063059092e-11,8.170004164961107e-11
81151054.4909986,0.00034657000708484983,0.00034642218142937303,8.204844429756668e-11,8.1667762292027e-11
81184739.08142844,0.0003490795987349113,0.0003489277153638684,8.201606828594203e-11,8.163550206091467e-11
81218423.67185828,0.0003515882001790483,0.0003514322596608983,8.19837032625998e-11,8.160326094116636e-11
81252108.26228812,0.000354095811762568,0.00035393581490667674,8.195134984261126e-11,8.157103891768935e-11
81285792.85271797,0.0003566024338488703,0.000356438381686958,8.191900859297473e-11,8.15388359754057e-11
81319477.44314781,0.00035910806681803555,0.0003589399605870309,8.188668003648388e-11,8.150665209925248e-11
81353162.03357765,0.00036161271106552155,0.00036144055219172386,8.185436465499134e-11,8.147448727418153e-11
81386846.6240075,0.00036411636700095794,0.0003639401570854074,8.182206289252339e-11,8.144234148515953e-11
81420531.21443734,0.0003666190350470335,0.0003664387758519831,8.178977515826616e-11,8.141021471716806e-11
81454215.80486718,0.0003691207156384689,0.00036893640907489575,8.175750182908367e-11,8.13781069552035e-11
81487900.39529702,0.0003716214092210664,0.00037143305733713163,8.172524325210013e-11,8.134601818427692e-11
81521584.98572686,0.00037412111625083295,0.000373928721221217,8.169299974690322e-11,8.131394838941424e-11
81555269.5761567,0.00037661983719316995,0.00037642340130921695,8.166077160764244e-11,8.128189755565615e-11
81588954.16658655,0.0003791175725221246,0.0003789170981827393,8.162855910502244e-11,8.124986566805802e-11
81622638.75701639,0.0003816143227196984,0.0003814098124229322,8.159636248800603e-11,8.121785271169e-11
81656323.34744623,0.00038411008827520833,0.00038390154461048515,8.156418198554896e-11,8.11858586716369e-11
81690007.93787608,0.0003866048696846969,0.00038639229532563504,8.153201780808367e-11,8.115388353299822e-11
81723692.52830592,0.00038909866745038646,0.00038888206514815576,8.149987014892023e-11,8.112192728088817e-11
81757377.11873576,0.0003915914820801761,0.00039137085465736727,8.146773918559341e-11,8.108998990043557e-11
81791061.7091656,0.000394083314087176,0.0003938586644321337,8.143562508101259e-11,8.10580713767839e-11
81824746.29959545,0.0003965741639892773,0.00039634549505086514,8.140352798461147e-11,8.10261716950912e-11
81858430.89002529,0.0003990640323087555,0.00039883134709151025,8.137144803337699e-11,8.09942908405302e-11
81892115.48045515,0.0004015529195719034,0.0004013162211315721,8.133938535275075e-11,8.096242879828813e-11
81925800.07088499,0.0004040408263086915,0.0004038001177480896,8.130734005757716e-11,8.093058555356685e-11
81959484.66131483,0.00040652775305245585,0.0004062830375176573,8.127531225284285e-11,8.089876109158269e-11
81993169.25174467,0.00040901370033960766,0.0004087649810164073,8.124330203446857e-11,8.086695539756662e-11
82026853.84217452,0.00041149866870936674,0.0004112459488200272,8.121130948999439e-11,8.0835168456764e-11
82060538.43260436,0.0004139826587035142,0.0004137259415037448,8.117933469919412e-11,8.080340025443479e-11
82094223.0230342,0.0004164656708661639,0.00041620495964234236,8.114737773470132e-11,8.077165077585336e-11
82127907.61346404,0.0004189477057435526,0.0004186830038101435,8.111543866251778e-11,8.073992000630861e-11
82161592.20389389,0.0004214287638838441,0.00042116007458102637,8.1083517542545e-11,8.07082079311038e-11
82195276.79432373,0.0004239088458369499,0.0004236361725284163,8.105161442903517e-11,8.067651453555668e-11
82228961.38475357,0.0004263879521543627,0.00042611129822528725,8.101972937101713e-11,8.06448398049994e-11
82262645.97518341,0.00042886608338900314,0.0004285854522441647,8.098786241271155e-11,8.061318372477851e-11
82296330.56561325,0.0004313432400950771,0.0004310586351571257,8.095601359387697e-11,8.058154628025489e-11
82330015.1560431,0.0004338194228279454,0.0004335308475357944,8.092418295015357e-11,8.054992745680384e-11
82363699.74647294,0.00043629463214400207,0.00043600208995135106,8.08923705133977e-11,8.051832723981497e-11
82397384.33690278,0.00043876886860056276,0.0004384723629745257,8.086057631193508e-11,8.048674561469223e-11
82431068.92733262,0.0004412421327557611,0.0004409416671756,8.08288003708591e-11,8.045518256685388e-11
82464753.51776247,0.0004437144251684534,0.0004434100031244086,8.079704271225872e-11,8.042363808173246e-11
82498438.10819231,0.00044618574639813003,0.0004458773713903405,8.076530335545722e-11,8.03921121447748e-11
82532122.69862215,0.00044865609700483425,0.00044834377254233753,8.0733582317215e-11,8.036060474144199e-11
82565807.289052,0.00045112547754908673,0.00045080920714889617,8.070187961193772e-11,8.032911585720934e-11
82599491.87948184,0.0004535938885918157,0.00045327367577806705,8.067019525184145e-11,8.029764547756642e-11
82633176.46991168,0.0004560613306942932,0.0004557371789974552,8.063852924712048e-11,8.026619358801698e-11
82666861.06034152,0.00045852780441807525,0.0004581997173742201,8.060688160611725e-11,8.0234760174079e-11
82700545.65077136,0.000460993310324947,0.0004606612914750814,8.057525233544271e-11,8.020334522128457e-11
82734230.24120122,0.0004634578489768724,0.00046312190186630986,8.054364144012551e-11,8.017194871518e-11
82767914.83163106,0.00046592142093594685,0.00046558154911373686,8.051204892371902e-11,8.014057064132572e-11
82801599.4220609,0.0004683840267643546,0.0004680402337827479,8.048047478842903e-11,8.01092109852963e-11
82835284.01249075,0.00047084566702432836,0.00047049795643828855,8.044891903519672e-11,8.007786973268037e-11
82868968.60292059,0.00047330634227811237,0.0004729547176448602,8.041738166381895e-11,8.004654686908072e-11
82902653.19335043,0.0004757660530879288,0.0004754105179665243,8.038586267301406e-11,8.001524238011417e-11
82936337.78378028,0.0004782248000159459,0.00047786535796689967,8.035436206052231e-11,7.998395625141163e-11
82970022.37421012,0.00048068258362424904,0.00048031923820916517,8.032287982316505e-11,7.995268846861805e-11
83003706.96463996,0.00048313940447481404,0.000482772159256061,8.029141595693118e-11,7.992143901739236e-11
83037391.5550698,0.00048559526312948225,0.00048522412166988486,8.025997045702707e-11,7.989020788340753e-11
90522872.91164877,0.001008955538749142,0.0010073277140408828,7.370479250482739e-11,7.337908469851967e-11
98008354.26822771,0.0014903768428870601,0.0014877112033834957,6.792107709643169e-11,6.763269384075282e-11
105493835.62480667,0.001934707220247061,0.001931183107771549,6.279236545407676e-11,6.253580353167976e-11
112979316.98138562,0.002346075092539501,0.0023418403332232047,5.822336064193624e-11,5.7994096039885186e-11
120464798.3379646,0.0027280179882380197,0.0027231951163791185,5.413548678003418e-11,5.39297727115605e-11
127950279.69454354,0.00308358462718839,0.003078275729301699,5.0463488025011935e-11,5.027819994854167e-11
135435761.0511225,0.0034154165445960255,0.0034097070626806073,4.715280807105054e-11,4.698532361044472e-11
142921242.40770146,0.003725813884881714,0.003719775626802191,4.4157551970618e-11,4.400565703352283e-11
150406723.7642804,0.004016788835579034,0.0040104823758241905,4.143888694909016e-11,4.130070170809912e-11
157892205.12085938,0.0042901093283404124,0.00428358593603295,3.896377738631854e-11,3.883769746060282e-11
165377686.47743833,0.004547335014695805,0.004540638212057472,3.670397648057396e-11,3.658862585175032e-11
172863167.83401728,0.004789847064408863,0.004783013894192402,3.4635216752137166e-11,3.452940981275499e-11
180348649.19059622,0.005018872989661765,0.005011935051775052,3.2736555805225846e-11,3.263926656970061e-11
187834130.5471752,0.005235507437674777,0.005228491741556995,3.098984422584992e-11,3.0900181199297846e-11
195319611.90375414,0.005440729695583251,0.0054336593645928286,2.937929023579789e-11,2.9296475782707156e-11
202805093.26033312,0.005635418498566015,0.005628313354813845,2.7891101505588222e-11,2.7814454820296684e-11
210290574.61691207,0.0058203646138351404,0.005813241665904919,2.651318888413929e-11,2.644211186182349e-11
217776055.973491,0.005996281580742093,0.00598915543211954,2.5234920108504948e-11,2.5168885565367168e-11
225261537.33006996,0.00616381491472146,0.006156698107167526,2.4046914084854206e-11,2.3985455891362596e-11
232747018.68664896,0.006323550025463802,0.00631645332876482,2.2940868278604254e-11,2.288357305868167e-11
240232500.0432279,0.006476019054122916,0.006468951711447946,2.1909413260880987e-11,2.18559133792284e-11
247717981.39980686,0.00662170679790636,0.006614676734260638,2.0945989636035042e-11,2.0895957250028316e-11
255203462.7563858,0.006761055861083919,0.006754069860963093,2.004474349925323e-11,1.9997885494582736e-11
262688944.11296475,0.006894471147755059,0.006887535006998776,1.9200437303018747e-11,1.915649096608421e-11
270174425.46954376,0.00702232379247086,0.007015442448426071,1.8408373590423826e-11,1.8367102897445254e-11
277659906.8261227,0.007144954609099416,0.007138132252487093,1.766432951556267e-11,1.7625521939936213e-11
285145388.18270165,0.007262677125447699,0.007255917296745872,1.696450044192265e-11,1.692796419869548e-11
292630869.5392806,0.007375780260551576,0.007369085933234744,1.630545120839663e-11,1.6271012868750964e-11
300116350.89585954,0.0074845306927812496,0.007477904345369856,1.5684073894346043e-11,1.565157631435775e-11
307601832.25243855,0.007589174959634783,0.007582618638191317,1.5097551111747923e-11,1.5066851628957433e-11
315087313.6090175,0.007689941324031441,0.0076834566964785736,1.454332401298711e-11,1.4514292871909557e-11
322572794.96559644,0.007787041436848423,0.007780629840268625,1.4019064334455514e-11,1.3991583308393338e-11
330058276.3221754,0.00788067182119167,0.007874334303088718,1.3522649904426568e-11,1.3496611086091595e-11
337543757.6787543,0.007971015200310723,0.007964752554664367,1.3052143133142284e-11,1.3027447870852633e-11
345029239.03533334,0.00805824168804297,0.008052054486863603,1.2605772077222933e-11,1.2582330036978176e-11
352514720.3919122,0.008142509858109834,0.008136398479095702,1.218191373221601e-11,1.2159642068902865e-11
360000201.7484912,0.008223967706409333,0.008217932357221312,1.1779079258605997e-11,1.1757901882053387e-11
367485683.1050702,0.008302753518593041,0.008296794258188137,1.1395900889736433e-11,1.1375747813408221e-11
374971164.4616491,0.00837899665362871,0.00837311341103119,1.1031120306323896e-11,1.1011927068178478e-11
382456645.81822807,0.008452818252689892,0.008447010843526106,1.0683578292765407e-11,1.0665285439281488e-11
389942127.174807,0.008524331881545456,0.008518600022623616,1.035220551623074e-11,1.0334758141842319e-11
397427608.531386,0.00859364411361523,0.008587987435793209,1.0036014291382393e-11,1.0019361626621969e-11
404913089.88796496,0.0086608550599888,0.008655273119540507,9.73409121213173e-12,9.718186254678861e-12
412398571.24454385,0.008726058851952129,0.0087205511406151,9.445590547653865e-12,9.430389731253096e-12
419884052.60112286,0.008789344080913853,0.008783910034776883,9.169728313389974e-12,9.155191210257647e-12
427369533.9577018,0.008850794200055663,0.008845433207424779,8.905776939327302e-12,8.891865992228896e-12
434855015.3142808,0.008910487891536593,0.008905199299899982,8.653060467769402e-12,8.639740748431998e-12
442340496.6708597,0.00896849940264924,0.008963282524846624,8.410950221342778e-12,8.398189212283638e-12
449825978.0274387,0.009024898853948228,0.00901975297363687,8.17886088934305e-12,8.1666282865543e-12
457311459.38401765,0.009079752522039929,0.009074676898538242,7.95624698687952e-12,7.944514521119542e-12
464796940.7405966,0.009133123099431687,0.009128116972011376,7.742599646779138e-12,7.731340921490983e-12
472282422.09717554,0.009185069933582781,0.00918013252527201,7.537443708984854e-12,7.526634053095697e-12
479767903.45375454,0.009235649247073738,0.009230779768026219,7.340335076332474e-12,7.329951410391799e-12
487253384.81033343,0.009284914340611397,0.00928011199108987,7.1508583092043565e-12,7.140879023496489e-12
494738866.16691244,0.009332915780410869,0.00932817975342775,6.9686244347116654e-12,6.959029278132808e-12
502224347.5234914,0.009379701571339395,0.009375031054992341,6.793268948813857e-12,6.784038927440221e-12
509709828.8800704,0.009425317317068546,0.009420711496604405,6.6244499921983294e-12,6.6155672765904614e-12
517195310.2366493,0.00946980636835801,0.00946526442799475,6.461846682861091e-12,6.453294523254541e-12
524680791.5932283,0.009513209960484624,0.009508731085017496,6.305157590190851e-12,6.296920238814784e-12
532166272.9498072,0.00955556734073249,0.009551150716947766,6.1540993369969185e-12,6.1461619768439e-12
539651754.3063862,0.009596915886772826,0.009592560704689815,6.008405317365981e-12,6.0007539968072e-12
547137235.6629652,0.009637291216684125,0.009632996670643849,5.867824519508213e-12,5.8604460922119284e-12
554622717.0195441,0.009676727291293338,0.009672492580910345,5.732120443881083e-12,5.7250025135479354e-12
562108198.3761231,0.009715256509456233,0.009711080840448099,5.60107010787836e-12,5.594200977356996e-12
569593679.732702,0.009752909796838778,0.009748792381746366,5.474463129257947e-12,5.467831753648046e-12
577079161.089281,0.00978971668871095,0.009785656747521035,5.352100881269323e-12,5.345696824658949e-12
584564642.4458599,0.00982570540721883,0.009821702167899503,5.233795713141447e-12,5.227609108659751e-12
592050123.8024389,0.009860902933559925,0.009856955632518045,5.119370230215691e-12,5.1133917431138285e-12
599535605.1590178,0.009895335075449646,0.009891442957918658,5.008656628564397e-12,5.002877422064664e-12
607021086.5155969,0.009929026530233526,0.009925188850599068,4.901496079432566e-12,4.895907783111053e-12
614506567.8721757,0.00996200094396954,0.009958216966039508,4.7977381592840816e-12,4.792332839773952e-12
621992049.2287548,0.009994280966777593,0.009990549964002624,4.697240321631662e-12,4.692010455454391e-12
629477530.5853337,0.010025888304728447,0.01002220956037817,4.599867407186019e-12,4.594805855535506e-12
636963011.9419127,0.010056843768521919,0.010053216575821769,4.505491189179611e-12,4.50059117450026e-12
644448493.2984916,0.010087167319183769,0.01008359098141668,4.41398995100772e-12,4.409245035222059e-12
651933974.6550705,0.010116878110992147,0.01011335194156897,4.325248093588096e-12,4.320652157842197e-12
659419456.0116495,0.010145994531827605,0.010142517854329744,4.239155770073102e-12,4.2347029958801125e-12
666904937.3682286,0.010174534241125296,0.010171106389322651,4.155608545758245e-12,4.151293397430593e-12
674390418.7248074,0.010202514205593968,0.01019913452344103,4.074507081220148e-12,4.070324289490827e-12
681875900.0813864,0.010229950732853588,0.010226618574466143,3.995756836888256e-12,3.991701383629757e-12
689361381.4379654,0.010256859503131708,0.010253574232746485,3.919267797409141e-12,3.915334901366919e-12
696846862.7945443,0.010283255599148071,0.010280016591067307,3.844954214302327e-12,3.841139317766332e-12
704332344.1511233,0.010309153534307107,0.010305960172829892,3.772734365533395e-12,3.7690331218777296e-12
711817825.5077022,0.01033456727930906,0.0103314189586511,3.702530330745254e-12,3.6989385927721204e-12
719303306.864281,0.010359510287282292,0.010356406411485565,3.6342677809928787e-12,3.6307815900215685e-12
726788788.2208601,0.010383995517531743,0.010380935500365375,3.5678757819217265e-12,3.5644913575690595e-12
734274269.5774391,0.010408035457991639,0.01040501872284521,3.503286609416413e-12,3.500000340018692e-12
741759750.9340179,0.010431642146464202,0.010428668126234535,3.4404355768247807e-12,3.437244010455681e-12
749245232.290597,0.010454827190720245,0.010451895327692666,3.3792608729341023e-12,3.376160708976476e-12
756730713.6471759,0.01047760178753218,0.010474711533257072,3.319703409941458e-12,3.316691491174307e-12
764216195.003755,0.010499976740705007,0.0104971275558705,3.2617066807198816e-12,3.2587799858847093e-12
771701676.3603338,0.010521962478166304,0.010519153832467744,3.2052166247363616e-12,3.202372261550075e-12
779187157.7169127,0.010543569068172018,0.010540800440178851,3.150181502027439e-12,3.1474167006113075e-12
786672639.0734918,0.010564806234680948,0.010562077111701604,3.096551774683766e-12,3.0938638813803423e-12
794158120.4300708,0.010585683371947291,0.010582993249892536,3.0442799953366195e-12,3.04166646688867e-12
801643601.7866496,0.010606209558377221,0.010603557941622446,2.993320702177508e-12,2.990779100244763e-12
809129083.1432287,0.010626393569692472,0.010623779970939298,2.9436303200771366e-12,2.9411583060688866e-12
816614564.4998076,0.010646243891440999,0.010643667831578585,2.895167067402039e-12,2.8927623976046344e-12
824100045.8563864,0.010665768730892223,0.010663229738858563,2.8478908681567348e-12,2.8455513891370693e-12
831585527.2129655,0.01068497602835186,0.010682473640995364,2.8017632691063986e-12,2.799486913373653e-12
839071008.5695444,0.01070387346792913,0.010701407229870742,2.7567473615599557e-12,2.7545321434689155e-12
846556489.9261234,0.010722468487787016,0.010720037951283073,2.7128077075165106e-12,2.710651719397496e-12
854041971.2827023,0.010740768289904288,0.010738373014710341,2.6699102698990704e-12,2.6678116783999642e-12
861527452.6392813,0.010758779849376225,0.010756419402611966,2.628022346619157e-12,2.6259793892465815e-12
869012933.9958602,0.010776509923279264,0.010774183879294724,2.587112508233694e-12,2.5851234900807928e-12
876498415.3524393,0.010793965059123235,0.010791672999366378,2.547150538972269e-12,2.5452138296218062e-12
883983896.7090181,0.010811151602913412,0.010808893115799236,2.508107380928132e-12,2.5062214115202956e-12
891469378.065597,0.010828075706843215,0.01082585038762447,2.4699550812203963e-12,2.468118341675125e-12
898954859.4221761,0.010844743336637172,0.010842550787276754,2.432666741948073e-12,2.430877778332942e-12
906440340.7787551,0.010861160278562536,0.010859000107607654,2.3962164727685975e-12,2.3944738848034177e-12
913925822.1353339,0.010877332146126892,0.010875203968585049,2.3605793459446857e-12,2.358881784634745e-12
921411303.491913,0.01089326438647801,0.010891167823694856,2.3257313537138487e-12,2.3240775191043983e-12
928896784.8484919,0.010908962286521308,0.010906896966060392,2.2916493678443504e-12,2.2900380068891174e-12
936382266.2050709,0.01092443097876932,0.010922396534293796,2.2583111012504096e-12,2.2567410057877437e-12
943867747.5616498,0.010939675446936798,0.010937671518093078,2.2256950715476968e-12,2.2241650763779417e-12
951353228.9182287,0.010954700531294246,0.010952726763597643,2.1937805664378114e-12,2.1922895474963758e-12
958838710.2748077,0.010969510933791957,0.010967566978514318,2.1625476108176174e-12,2.1610944834382065e-12
966324191.6313868,0.010984111222965979,0.010982196737025305,2.1319769355158746e-12,2.1305606527787926e-12
973809672.9879656,0.010998505838636723,0.010996620484488798,2.1020499475658242e-12,2.100669498726788e-12
981295154.3445445,0.011012699096410405,0.011010842541942411,2.0727487019280745e-12,2.0714031109228663e-12
988780635.7011236,0.011026695191992874,0.011024867110418996,2.044055874583487e-12,2.042744198604418e-12
996266117.0577025,0.011040498205324916,0.011038698275083914,2.0159547369207244e-12,2.01467606506096e-12
1003751598.4142814,0.011054112104547563,0.011052340009202325,1.988429131347768e-12,1.987182583309841e-12
1011237079.7708604,0.011067540749805536,0.011065796177944554,1.9614634480609905e-12,1.9602481729259714e-12
1018722561.1274394,0.011080787896896453,0.011079070542037241,1.9350426029094237e-12,1.9338577779636734e-12
1026208042.4840184,0.01109385720077307,0.011092166761267485,1.9091520162956206e-12,1.9079968459119007e-12
1033693523.8405973,0.011106752218905395,0.011105088397846841,1.883777593057996e-12,1.882651307628169e-12
1041179005.1971762,0.011119476414509187,0.011117838919641687,1.8589057032827904e-12,1.8578075581993276e-12
1048664486.5537553,0.011132033159646998,0.01113042170327609,1.8345231639969384e-12,1.8334524386808373e-12
1056149967.9103341,0.01114442573820757,0.011142840037113022,1.810617221695858e-12,1.8095732186683587e-12
1063635449.266913,0.01115665734876913,0.011155097124119438,1.787175535662976e-12,1.7861575796590144e-12
1071120930.6234921,0.011168731107351846,0.011167196084620475,1.7641861620402354e-12,1.7631935991614432e-12
1078606411.980071,0.01118065005006437,0.011179139958947745,1.7416375386111815e-12,1.7406697355163768e-12
1086091893.33665,0.01119241713564925,0.01119093170998642,1.7195184702604387e-12,1.7185748133917564e-12
1093577374.693229,0.011204035247931647,0.011202574225625626,1.6978181150754295e-12,1.6968980099183324e-12
1101062856.0498078,0.011215507198175628,0.011214070321116383,1.676525971058136e-12,1.6756288414335782e-12
1108548337.4063869,0.011226835727352096,0.01122542274134113,1.6556318634164595e-12,1.6547571508036093e-12
1116033818.7629657,0.011238023508322174,0.011236634162998704,1.635125932406498e-12,1.6342730952946088e-12
1123519300.1195447,0.011249073147939718,0.011247707196708385,1.614998621698592e-12,1.6141671349664622e-12
1131004781.4761236,0.011259987189076412,0.011258644389036523,1.5952406672415273e-12,1.5944300215632699e-12
1138490262.8327026,0.011270768112572774,0.011269448224449032,1.5758430866006554e-12,1.575052787876579e-12
1145975744.1892815,0.011281418339118197,0.011280121127192877,1.5567971687470111e-12,1.5560267375582548e-12
1153461225.5458605,0.011291940231063021,0.0112906654631096,1.5380944642757806e-12,1.5373434353617256e-12
1160946706.9024394,0.011302336094165507,0.011301083541383672,1.5197267760335836e-12,1.5189946977909007e-12
1168432188.2590184,0.01131260817927638,0.011311377616228436,1.5016861501351809e-12,1.5009725841373582e-12
1175917669.6155972,0.01132275868396359,0.011321549888512177,1.4839648673512098e-12,1.48326938788798e-12
1183403150.9721763,0.011332789754079687,0.011331602507326843,1.4665554348495438e-12,1.4658776284847601e-12
1190888632.3287554,0.011342703485274216,0.011341537571501713,1.449450578273777e-12,1.4487900434213518e-12
1198374113.6853342,0.011352501924453329,0.011351357131064275,1.4326432341431976e-12,1.4319995806600448e-12
1205859595.041913,0.011362187071188776,0.011361063188650442,1.4161265425594233e-12,1.4154993913545795e-12
1213345076.398492,0.0113717608790783,0.011370657700866165,1.3998938402056442e-12,1.3992828228650324e-12
1220830557.7550712,0.011381225257059377,0.011380142579602348,1.3839386536251238e-12,1.3833434120510364e-12
1228316039.1116502,0.011390582070678171,0.011389519693304956,1.3682546927663042e-12,1.3676748788311197e-12
1235801520.468229,0.011399833143315462,0.011398790868202073,1.352835844782505e-12,1.3522711199959116e-12
1243287001.824808,0.011408980257371243,0.011407957889489607,1.3376761680747868e-12,1.3371262032638938e-12
1250772483.181387,0.011418025155409609,0.011417022502477251,1.322769886567164e-12,1.322234361568968e-12
1258257964.537966,0.01142696954126547,0.011425986413696262,1.308111384203846e-12,1.3075899875695673e-12
1265743445.8945448,0.01143581508111458,0.011434851291970513,1.293695199658732e-12,1.2931876283693687e-12
1273228927.251124,0.011444563404508275,0.011443618769452244,1.279516021247852e-12,1.2790219804405505e-12
1280714408.6077027,0.011453216105374291,0.011452290442623872,1.265568682035901e-12,1.2650878847407252e-12
1288199889.9642816,0.011461774742984931,0.01146086787326711,1.2518481551284577e-12,1.251380322014941e-12
1295685371.3208606,0.01147024084289384,0.011469352589400694,1.2383495491418704e-12,1.2378944082751276e-12
1303170852.6774397,0.01147861589784254,0.011477746086187842,1.2250681038431943e-12,1.2246253904490475e-12
1310656334.0340185,0.01148690136863789,0.011486049826814605,1.211999185952914e-12,1.211568642191713e-12
1318141815.3905976,0.011495098685001535,0.011494265243340195,1.1991382851035644e-12,1.1987196598522855e-12
1325627296.7471764,0.011503209246392374,0.011502393737520331,1.1864810099476353e-12,1.1860740585900363e-12
1333112778.1037555,0.011511234422803059,0.011510436681604563,1.1740230844085224e-12,1.1736275686328406e-12
1340598259.4603345,0.011519175555531473,0.011518395419108571,1.1617603440685214e-12,1.1613760316725439e-12
1348083740.8169134,0.011527033957928092,0.011526271265562339,1.1496887326881896e-12,1.1493153973913078e-12
1355569222.1734922,0.011534810916120106,0.011534065509235058,1.137804298851631e-12,1.137441720113648e-12
1363054703.5300713,0.01154250768971315,0.011541779411837618,1.126103192732531e-12,1.125751155578905e-12
1370540184.8866503,0.01155012551247143,0.0115494142092035,1.1145816629759918e-12,1.1142399578293258e-12
1378025666.2432292,0.011557665592977035,0.011556971111948791,1.103236053691468e-12,1.1029044762088068e-12
1385511147.5998085,0.011565129115269164,0.011564451306112163,1.0920628015522806e-12,1.091741152468318e-12
1392996628.9563873,0.01157251723946397,0.011571855953775391,1.0810584329974394e-12,1.0807465179729923e-12
1400482110.312966,0.01157983110235573,0.011579186193665218,1.070219561531642e-12,1.069917191007532e-12
1407967591.6695452,0.01158707181799996,0.011586443141737134,1.0595428851195521e-12,1.059249874175451e-12
1415453073.026124,0.011594240478279137,0.011593627891741754,1.0490251836706211e-12,1.048741351888826e-12
1422938554.3827028,0.0116013381534516,0.011600741515774357,1.0386633166108389e-12,1.0383884879446188e-12
1430424035.7392821,0.011608365892684236,0.0116077850648082,1.0284542205380346e-12,1.0281882231845313e-12
1437909517.095861,0.011615324724569494,0.01161475956921213,1.0183949069574477e-12,1.0181375732348242e-12
1445394998.45244,0.011622215657627263,0.01162166603925308,1.008482460094426e-12,1.0082336263232068e-12
1452880479.8090189,0.011629039680792132,0.011628505465583885,9.98714034781289e-13,9.984735411696554e-13
1460365961.1655977,0.011635797763886523,0.011635278819717005,9.89086854415477e-13,9.88854544948383e-13
1467851442.522177,0.011642490858080178,0.011641987054484567,9.79598208986265e-13,9.793739313182438e-13
1475336923.8787558,0.011649119896336447,0.01164863110448519,9.702454531674089e-13,9.700290585189392e-13
1482822405.2353346,0.01165568579384583,0.011655211886518057,9.610260044732323e-13,9.608173475305016e-13
1490307886.5919137,0.011662189448447184,0.011661730300004662,9.519373414757363e-13,9.51736280293693e-13
1497793367.9484925,0.011668631741037012,0.01166818722739858,9.42977002080464e-13,9.427833979889911e-13
1505278849.3050718,0.011675013535967218,0.01167458353458374,9.341425818588734e-13,9.339562993720694e-13
1512764330.6616507,0.011681335681431707,0.011680920071261513,9.25431732435163e-13,9.25252639163496e-13
1520249812.0182295,0.011687599009842203,0.011687197671326987,9.168421599254841e-13,9.166701264908037e-13
1527735293.3748085,0.011693804338193616,0.011693417153234818,9.083716234276295e-13,9.082065233808887e-13
1535220774.7313874,0.01169995246841931,0.01169957932035494,9.000179335593341e-13,8.998596433009158e-13
1542706256.0879662,0.011706044187736598,0.011705684961318519,8.91778951043406e-13,8.916273497459849e-13
1550191737.4445455,0.011712080268982756,0.011711734850354382,8.836525853379832e-13,8.835075548718142e-13
1557677218.8011243,0.011718061470941886,0.011717729747616328,8.756367933102806e-13,8.754982181708771e-13
1565162700.1577032,0.011723988538662898,0.011723670399501509,8.677295779522515e-13,8.675973451902325e-13
1572648181.5142822,0.011729862203768893,0.011729557538960227,8.599289871366565e-13,8.598029862898757e-13
1580133662.870861,0.011735683184758226,0.011735391885797397,8.522331124121032e-13,8.521132354398109e-13
1587619144.22744,0.011741452187297507,0.011741174146965933,8.446400878356532e-13,8.445262290547344e-13
1595104625.5840192,0.011747169904506775,0.011746905016852308,8.371480888416744e-13,8.3704014486483e-13
1602590106.940598,0.011752837017237115,0.011752585177554536,8.297553311456538e-13,8.296532008213956e-13
1610075588.297177,0.011758454194340929,0.011758215299152818,8.224600696817403e-13,8.223636540363597e-13
1617561069.653756,0.01176402209293509,0.011763796039973046,8.152605975728429e-13,8.151697997540434e-13
1625046551.0103347,0.01176954135865721,0.011769328046843419,8.081552451321397e-13,8.080699703543434e-13
1632532032.3669138,0.011775012625915213,0.011774811955344366,8.01142378894915e-13,8.010625343863271e-13
1640017513.7234929,0.011780436518130433,0.011780248390051965,7.942204006796759e-13,7.941458956307773e-13
1647502995.080072,0.011785813647974413,0.011785637964775084,7.873877466775328e-13,7.873184921912255e-13
1654988476.4366508,0.011791144617599619,0.011790981282786406,7.806428865688891e-13,7.805787956120855e-13
1662473957.7932296,0.011796430018864228,0.01179627893704753,7.739843226664921e-13,7.739253100231303e-13
1669959439.1498086,0.011801670433551178,0.01180153151042833,7.674105890839674e-13,7.673565713093892e-13
1677444920.5063875,0.01180686643358165,0.011806739575920745,7.60920250928957e-13,7.60871146305643e-13
1684930401.8629665,0.011812018581223152,0.011811903696847136,7.545119035200457e-13,7.544676320146341e-13
1692415883.2195456,0.011817127429292331,0.011817024427063413,7.481841716266716e-13,7.481446548482194e-13
1699901364.5761244,0.011822193521352728,0.011822102311157047,7.419357087312542e-13,7.419008698907396e-13
1707386845.9327035,0.011827217391907565,0.01182713788464015,7.357651963127966e-13,7.357349601837022e-13
1714872327.2892823,0.011832199566587735,0.01183213167413772,7.296713431512643e-13,7.296456360313761e-13
1722357808.6458611,0.011837140562335138,0.01183708419757126,7.23652884652034e-13,7.236316343263293e-13
1729843290.0024405,0.011842040887581486,0.01184199596433782,7.177085821897747e-13,7.176917178942501e-13
1737328771.3590193,0.011846901042422702,0.011846867475484671,7.118372224711074e-13,7.118246748577936e-13
1744814252.715598,0.011851721518789068,0.011851699223879684,7.060376169154417e-13,7.060293180182899e-13
1752299734.0721772,0.011856502800611202,0.011856491694377557,7.003086010533968e-13,7.003044842551465e-13
1759785215.428756,0.01186124536398201,0.01186124536398201,6.946490339422408e-13,6.946490339422464e-13
